File_Size,X,Y,Color_Channel,Modify_Bit,PSNR,MSE,SPACE,SPACE,X,Y,Color_Channel,Modify_Bit,PSNR,MSE,SPACE,SPACE,X,Y,Color_Channel,Modify_Bit,PSNR,MSE,SPACE,SPACE,X,Y,Color_Channel,Modify_Bit,PSNR,MSE,SPACE,SPACE,X,Y,Color_Channel,Modify_Bit,PSNR,MSE,SPACE,SPACE,X,Y,Color_Channel,Modify_Bit,PSNR,MSE,SPACE,SPACE,X,Y,Color_Channel,Modify_Bit,PSNR,MSE,SPACE,SPACE,X,Y,Color_Channel,Modify_Bit,PSNR,MSE,SPACE,SPACE,X,Y,Color_Channel,Modify_Bit,PSNR,MSE,SPACE,SPACE,X,Y,Color_Channel,Modify_Bit,PSNR,MSE,SPACE,SPACE,X,Y,Color_Channel,Modify_Bit,PSNR,MSE,SPACE,SPACE,X,Y,Color_Channel,Modify_Bit,PSNR,MSE,SPACE,SPACE,
100k,16,160,0,1,52.70376564081012,3.140120442708333,,,342,66,0,0,15.833490281300593,15274.740547688802,,,16,160,0,3,43.52364475391127,25.999104817708332,,,16,160,0,6,9.75436166503438,61927.95,,,1296,426,0,0,64.5576418974864,0.20490788966049384,,,1494,17,0,0,31.5765608943304,407.06782889660496,,,1296,426,0,0,64.5576418974864,0.20490788966049384,,,1296,426,0,7,22.267540255080675,3471.913086419753,,,108,366,0,0,68.93203123114019,0.07483758203103022,,,564,15,0,0,33.19478557012001,280.4428121051897,,,108,366,0,0,68.93203123114019,0.07483758203103022,,,108,366,0,7,27.100153092519392,1141.0575819287312,,,
200k,16,320,0,2,43.977233939114555,23.4206787109375,,,171,133,1,0,13.112018939847953,28583.86659749349,,,16,320,0,6,23.546169390090206,2586.4609822591146,,,16,320,0,5,7.51473011172057,103716.97916666667,,,656,853,0,0,61.611517217011524,0.40380449459876544,,,1067,35,1,0,28.530295629890794,820.9057682291667,,,656,853,0,0,61.611517217011524,0.40380449459876544,,,656,853,0,7,19.3071460142696,6864.48987654321,,,200,732,0,0,65.92636639684288,0.14951550451321374,,,1127,30,1,0,30.202754900114172,558.5311255742446,,,200,732,0,0,65.92636639684288,0.14951550451321374,,,200,732,0,7,24.091653362791824,2281.1693830711192,,,
300k,16,0,1,3,36.484255674927475,131.49138590494792,,,0,200,2,0,11.783823324965024,38809.72253417969,,,16,0,1,2,15.34556524911432,17090.95557861328,,,16,0,1,4,6.860174800053279,120588.36041666666,,,16,200,1,0,59.681213047713726,0.6297984182098766,,,640,53,2,0,26.818381257144313,1217.5442235725309,,,16,200,0,1,57.4395171122523,1.055288387345679,,,16,200,1,7,16.66307498535208,12618.721975308643,,,292,1098,0,0,64.16509653855078,0.22429170712958438,,,1690,45,2,0,28.44999369458451,836.2256809644167,,,292,1098,0,0,64.16509653855078,0.22429170712958438,,,292,1098,0,7,22.310869538132753,3437.4462539193314,,,
400k,16,160,1,4,29.209619123929095,702.0385457356771,,,342,266,0,0,11.00854329238703,46394.71818847656,,,16,160,1,5,14.778825329143746,19473.335103352863,,,16,160,1,3,6.705065275289455,124973.04244791667,,,1296,626,1,0,58.14780612993138,0.8964834104938272,,,214,71,0,0,25.583391933075944,1618.0192230902778,,,1296,626,0,1,54.391511832272165,2.1289805169753087,,,1296,626,1,7,14.67743543553236,19933.305679012345,,,384,1464,0,0,62.912279483010316,0.29929187153873077,,,16,61,0,0,27.227856915496247,1107.993413586918,,,384,1464,0,0,62.912279483010316,0.29929187153873077,,,384,1464,0,7,21.057730760332568,4587.222378350019,,,
500k,16,320,1,5,22.906878736452025,2996.642928059896,,,171,333,1,0,10.238659803575096,55393.255533854164,,,16,320,2,0,9.954439932056896,59139.66731363932,,,16,320,1,2,6.598966155336341,128063.76178385416,,,656,1053,1,0,56.99933251467396,1.1678568672839507,,,1707,88,1,0,24.657872518333445,2002.3298350694445,,,656,1053,0,1,52.74574131949467,3.109916570216049,,,656,1053,1,7,13.244551909829259,27724.75259259259,,,476,1830,0,0,61.941612497472136,0.37424983760029873,,,579,76,1,0,26.2164542600523,1398.5482182798128,,,476,1830,0,0,61.941612497472136,0.37424983760029873,,,476,1830,0,7,20.07438290421687,5752.870260723678,,,
600k,16,0,2,6,15.583891384722953,16178.331567382813,,,0,400,2,0,9.54014876070367,65059.09147542318,,,16,0,2,4,9.834660559999655,60793.45338948568,,,16,0,2,1,6.5563562405033835,129326.41720377604,,,16,400,2,0,55.87361700877796,1.513425925925926,,,1280,106,2,0,23.89954962379255,2384.338480902778,,,16,400,0,2,48.17375593620114,8.911427469135802,,,16,400,2,7,13.251262892133964,27681.943703703702,,,568,2196,0,0,61.15181578020593,0.4488914073934428,,,1142,91,2,0,25.446422120809217,1669.8622936391198,,,568,2196,0,0,61.15181578020593,0.4488914073934428,,,568,2196,0,7,19.285462752152114,6898.848297123132,,,
700k,16,160,2,7,7.691803682854589,99573.20863850911,,,342,466,0,0,8.900561913022822,75381.83046061198,,,16,160,2,7,7.689454882488196,99627.07550862631,,,16,160,2,0,6.536161539254851,129929.1856282552,,,1296,826,2,0,54.95460432284838,1.870089699074074,,,854,124,0,0,23.251853522864323,2767.8179277584877,,,1296,826,0,2,46.434675444741345,13.300112847222222,,,1296,826,2,7,12.126474486344968,35865.3787654321,,,660,116,1,0,60.5289535567542,0.5181166091965361,,,1706,106,0,0,24.76496413576685,1953.5586613661158,,,660,116,0,1,59.908961976058094,0.5976221322477946,,,660,116,1,7,18.444389694948264,8373.054168064144,,,
800k,,,,,,,,,,,,,,,,,,,,,,,,,,,,,,,,,656,173,0,1,53.21163593417584,2.7935681905864196,,,427,142,1,0,22.691163282264156,3149.2456785300924,,,656,173,0,3,43.243642093293396,27.730561342592594,,,656,173,0,6,11.16293267954359,44774.38222222222,,,752,482,1,0,59.98184429320179,0.5876766576278172,,,31,122,1,0,24.196043501735605,2226.991298554588,,,752,482,0,1,58.134128334848086,0.8993112718180071,,,752,482,1,7,17.431779912670905,10571.701184549633,,,
900k,,,,,,,,,,,,,,,,,,,,,,,,,,,,,,,,,16,600,0,1,51.43023114225349,4.2101711998456794,,,0,160,2,0,22.202294754664138,3524.4665639467594,,,16,600,0,3,40.5526124839774,51.53017554012346,,,16,600,0,6,10.742283716361655,49328.112592592595,,,844,848,1,0,59.47238548917455,0.6608217388349749,,,594,137,2,0,23.709661293163595,2490.902571505191,,,844,848,0,1,56.87934581417756,1.2005722169002373,,,844,848,1,7,16.655425457996248,12640.967783845084,,,
1000k,,,,,,,,,,,,,,,,,,,,,,,,,,,,,,,,,1296,1026,0,1,50.26794145790958,5.502103105709876,,,1494,177,0,0,21.774262873133633,3889.525140817901,,,1296,1026,0,3,39.25450367119136,69.48203076774692,,,1296,1026,0,6,10.298598484300864,54634.002962962964,,,936,1214,1,0,59.16006094335412,0.7100955253676006,,,1158,152,0,0,23.247643552578538,2770.5023000839583,,,936,1214,0,1,55.904551876539166,1.502684070653552,,,936,1214,1,7,16.021634415277667,14627.140357915057,,,
1100k,,,,,,,,,,,,,,,,,,,,,,,,,,,,,,,,,656,373,1,1,49.06240387418129,7.262438753858024,,,1067,195,1,0,21.388994016966166,4250.338007330247,,,656,373,0,4,35.15242428989189,178.6818504050926,,,656,373,1,6,10.23207401175651,55477.31950617284,,,1028,1580,1,0,58.794658060666556,0.7724263209544207,,,1721,167,1,0,22.862292994021725,3027.56566190757,,,1028,1580,0,1,55.10790204812763,1.8052305125838761,,,1028,1580,1,7,15.43436529816513,16745.04582923224,,,
1200k,,,,,,,,,,,,,,,,,,,,,,,,,,,,,,,,,16,800,1,1,48.227813685827,8.80119212962963,,,640,213,2,0,21.049885872362847,4595.516005979938,,,16,800,0,4,33.55701889035756,258.00075761959874,,,16,800,1,6,9.929511893200193,59480.0987654321,,,1120,1946,1,0,58.4130427024194,0.8433708770753001,,,46,183,2,0,22.520049428265946,3275.8041402972663,,,1120,1946,0,1,54.43252728192252,2.1089687381488407,,,1120,1946,1,7,14.889635092984543,18982.760176743486,,,
1300k,,,,,,,,,,,,,,,,,,,,,,,,,,,,,,,,,1296,146,2,1,47.477057363149235,10.46205825617284,,,214,231,0,0,20.724551026919787,4952.993609182099,,,1296,146,0,5,30.818114401409723,484.7428703703704,,,1296,146,2,6,9.57255755335671,64575.40148148148,,,1212,2312,1,0,57.94965517848009,0.9383337827183336,,,610,198,0,0,22.183393087286802,3539.839422317409,,,1212,2312,0,1,53.84920799069065,2.41213756003674,,,1212,2312,1,7,14.411364021552266,21192.708675030342,,,
1400k,,,,,,,,,,,,,,,,,,,,,,,,,,,,,,,,,656,573,2,1,46.792883162384236,12.24713638117284,,,1707,248,1,0,20.446835531043476,5280.0655869020065,,,656,573,0,5,28.049974589310317,916.907259837963,,,656,573,2,6,9.335284579840085,68201.57629629629,,,1304,232,2,0,57.49594141427864,1.041666575328252,,,1173,213,1,0,21.84415636712656,3827.4297971118062,,,1304,232,0,2,52.40269270208134,3.3655310378893666,,,1304,232,2,7,13.811489528053338,24331.782041698545,,,
1500k,,,,,,,,,,,,,,,,,,,,,,,,,,,,,,,,,16,1000,2,1,46.17677882684007,14.11383342978395,,,1280,266,2,0,20.149678451269647,5653.989858699846,,,16,1000,0,5,26.77203854099222,1230.6059659529321,,,16,1000,2,6,8.996813648745729,73729.53679012346,,,1396,598,2,0,57.14791852719232,1.1285765383033122,,,1736,228,2,0,21.565734539327487,4080.8385803599026,,,1396,598,0,2,50.958543051877385,4.693194630470349,,,1396,598,2,7,13.215500871565755,27910.832031578248,,,
1600k,,,,,,,,,,,,,,,,,,,,,,,,,,,,,,,,,1296,346,0,2,44.31636580621074,21.6613884066358,,,854,284,0,0,19.908150156411214,5977.338552276235,,,1296,346,0,6,22.938487243462834,2974.912153742284,,,1296,346,0,5,8.781726517799921,77472.97234567901,,,1488,964,2,0,56.77748645713348,1.2290632259120506,,,62,244,0,0,21.28122340979871,4357.13011559059,,,1488,964,0,2,49.879230750370425,6.017274103659601,,,1488,964,2,7,12.859487994474478,30295.217225402015,,,
1700k,,,,,,,,,,,,,,,,,,,,,,,,,,,,,,,,,656,773,0,2,43.18794968684523,28.088458236882715,,,427,302,1,0,19.677528073052564,6303.330269097222,,,656,773,0,6,21.24977762273018,4388.793105709877,,,656,773,0,5,8.647408839608921,79906.4775308642,,,1580,1330,2,0,56.459517096228815,1.3224253344995422,,,625,259,1,0,21.000571629305863,4647.995590546693,,,1580,1330,0,2,49.019709789155954,7.334185520742223,,,1580,1330,2,7,12.69411758374874,31471.041230160383,,,
1800k,,,,,,,,,,,,,,,,,,,,,,,,,,,,,,,,,16,120,1,2,42.2645989916603,34.742652391975305,,,0,320,2,0,19.446898368125577,6647.112567033179,,,16,120,0,7,18.806715811809443,7702.847309992284,,,16,120,1,5,8.53426636634937,82015.55604938272,,,1672,1696,2,0,56.17577405797383,1.4117099135792455,,,1188,274,2,0,20.732562596478104,4943.865085489103,,,1672,1696,0,2,48.29896211649115,8.658180962589977,,,1672,1696,2,7,12.326906882922305,34247.7608365722,,,
1900k,,,,,,,,,,,,,,,,,,,,,,,,,,,,,,,,,1296,546,1,2,41.413717105724416,42.26210841049383,,,1494,337,0,0,19.250040321685187,6955.347583912037,,,1296,546,0,7,15.830516127349313,15285.204643132716,,,1296,546,1,5,8.491512547396896,82826.93975308642,,,1764,2062,2,0,55.864824144392855,1.5164931602141558,,,1752,289,0,0,20.476751132020432,5243.8197763377975,,,1764,2062,0,2,47.683761993516185,9.975775591014346,,,1764,2062,2,7,11.927450268064463,37547.22485690924,,,
2000k,,,,,,,,,,,,,,,,,,,,,,,,,,,,,,,,,656,973,1,2,40.73609569105941,49.398447627314816,,,1067,355,1,0,19.059422479658533,7267.426067708333,,,656,973,0,7,14.402669255023195,21235.179910300925,,,656,973,1,5,8.384813741405294,84887.06074074074,,,1856,2428,2,0,55.61863777089358,1.6049410794154633,,,77,305,1,0,20.251732612392335,5522.676558799652,,,1856,2428,0,2,47.14577921366726,11.291326065718355,,,1856,2428,2,7,11.528002976805006,41164.47421443483,,,
2100k,,,,,,,,,,,,,,,,,,,,,,,,,,,,,,,,,16,320,2,2,40.05618831455678,57.770222318672836,,,640,373,2,0,18.86055462123582,7607.94576871142,,,16,320,1,0,14.115562564424696,22686.453736496915,,,16,320,2,5,8.317101853914863,86220.92641975309,,,1948,348,0,1,54.75652539474333,1.9573582957567095,,,640,320,2,0,20.039742728181743,5798.939762863554,,,1948,348,0,3,45.381685043709005,16.94940144110097,,,1948,348,0,6,11.423217807802216,42169.756135201314,,,
2200k,,,,,,,,,,,,,,,,,,,,,,,,,,,,,,,,,1296,746,2,2,39.477651595534155,66.00209346064815,,,214,391,0,0,18.653552510313656,7979.351915027006,,,1296,746,1,0,14.10790745520652,22726.477369309414,,,1296,746,2,5,8.22611169437116,88046.41975308642,,,2040,714,0,1,54.019873376271725,2.3191857436079553,,,1204,335,0,0,19.831699206553587,6083.4921173121365,,,2040,714,0,3,44.22162951325339,22.139097810289382,,,2040,714,0,6,11.289110668897509,43492.24275558498,,,
2300k,,,,,,,,,,,,,,,,,,,,,,,,,,,,,,,,,656,93,0,3,38.523920288816086,82.21117235725309,,,1707,408,1,0,18.35996749518985,8537.409652777778,,,656,93,1,1,14.100618003492425,22764.654844232253,,,656,93,0,4,8.10436615986262,90549.5412345679,,,2132,1080,0,1,53.391571317842626,2.680190963050323,,,1767,350,1,0,19.641807772356334,6355.388343172307,,,2132,1080,0,3,43.251073047796595,27.683153798545455,,,2132,1080,0,6,11.27992683229202,43584.31122286062,,,
2400k,,,,,,,,,,,,,,,,,,,,,,,,,,,,,,,,,16,520,0,3,36.98300459910652,117.22558545524691,,,1280,426,2,0,17.998617817034944,9278.143572048612,,,16,520,1,1,14.089071359163945,22825.26006076389,,,16,520,0,4,8.040602033691366,91888.81839506172,,,2224,1446,0,1,52.83989043178618,3.0432233472679218,,,92,366,2,0,19.457177194391903,6631.398868828537,,,2224,1446,0,3,42.468006675805015,33.152951838350006,,,2224,1446,0,6,11.277719490570046,43606.46898110902,,,
2500k,,,,,,,,,,,,,,,,,,,,,,,,,,,,,,,,,1296,946,0,3,36.09632497469798,143.77731626157407,,,854,444,0,0,17.6731191475136,10000.252264178242,,,1296,946,1,1,14.085687904741624,22843.049445891204,,,1296,946,0,4,7.978434648893996,93213.62666666666,,,78,1813,0,1,52.35004186986144,3.4065807135649235,,,656,381,0,0,19.272047824889093,6920.191103528805,,,78,1813,0,3,41.8334466352367,38.36879912636633,,,78,1813,0,6,11.256953133504101,43815.47830420369,,,
2600k,,,,,,,,,,,,,,,,,,,,,,,,,,,,,,,,,656,293,1,3,35.182631665315775,177.44334008487655,,,427,462,1,0,17.389870273222026,10674.212465277778,,,656,293,1,2,14.066531428522442,22944.03135320216,,,656,293,1,4,7.911091220523252,94670.2988888889,,,170,2179,0,1,51.91132746075905,3.768687474288236,,,1219,396,1,0,19.081855330835175,7229.98401705617,,,170,2179,0,3,41.28566994660893,43.526713380785466,,,170,2179,0,6,11.28004612763351,43583.11403199183,,,
2700k,,,,,,,,,,,,,,,,,,,,,,,,,,,,,,,,,16,720,1,3,34.460152251048385,209.55964072145062,,,0,480,2,0,17.11077708007793,11382.696657503859,,,16,720,1,2,14.050229544723402,23030.31699990355,,,16,720,1,4,7.876651893781958,95424.01395061729,,,262,99,1,1,51.48419904302317,4.158176943699732,,,1782,411,2,0,18.877099234959054,7579.018144924105,,,262,99,0,4,40.46507928428036,52.57931718324021,,,262,99,1,6,11.272159411879226,43662.3321517796,,,
2800k,,,,,,,,,,,,,,,,,,,,,,,,,,,,,,,,,1296,66,2,3,33.856202777409436,240.82556761188272,,,1494,497,0,0,16.798552648100262,12231.158820891204,,,1296,66,1,3,14.019777710754056,23192.36830729167,,,1296,66,2,4,7.8307703698259035,96437.47555555556,,,354,465,1,1,50.99300102608923,4.656105023101312,,,108,427,0,0,18.66458441427006,7959.108568858569,,,354,465,0,4,39.169934115472124,70.84830406485173,,,354,465,1,6,11.230716653591111,44080.97633019787,,,
2900k,,,,,,,,,,,,,,,,,,,,,,,,,,,,,,,,,656,493,2,3,33.11609153450515,285.57074652777777,,,1067,515,1,0,16.517059082061593,13050.193828607253,,,656,493,1,3,13.974920448294469,23433.158252314814,,,656,493,2,4,7.799963475606516,97123.99160493827,,,446,831,1,1,50.576010057115596,5.125330371045869,,,671,442,1,0,18.458873469254907,8345.176441703805,,,446,831,0,4,38.01167850569626,92.5028300294402,,,446,831,1,6,11.158109837215855,44824.13181375439,,,
3000k,,,,,,,,,,,,,,,,,,,,,,,,,,,,,,,,,16,920,2,3,32.61686987905785,320.3582277199074,,,640,533,2,0,16.25181491732781,13872.073415798612,,,16,920,1,3,13.939658920401925,23624.192798032407,,,16,920,2,4,7.760541578308836,98009.62160493828,,,538,1197,1,1,50.215425640835434,5.56903960214448,,,1234,457,2,0,18.2507745483021,8754.783595547655,,,538,1197,0,4,36.92672813997751,118.754494763386,,,538,1197,1,6,11.118667576382155,45233.075004914004,,,
3100k,,,,,,,,,,,,,,,,,,,,,,,,,,,,,,,,,1296,266,0,4,31.180501966734333,445.9361434220679,,,214,551,0,0,16.008781720569218,14670.492653838735,,,1296,266,1,4,13.822046637051224,24272.70661554784,,,1296,266,0,3,7.714826407469292,99046.7499691358,,,630,1563,1,1,49.89609600980199,5.993952118210907,,,1798,472,0,0,18.048655704607167,9171.857525773874,,,630,1563,0,4,36.10631748829443,143.44688488509993,,,630,1563,1,6,11.094858869688132,45481.730800117206,,,
3200k,,,,,,,,,,,,,,,,,,,,,,,,,,,,,,,,,656,693,0,4,30.061831411083176,576.9520611496913,,,1707,568,1,0,15.75871599945728,15540.009156539352,,,656,693,1,4,13.76935569346684,24568.98985339506,,,656,693,0,3,7.687918922438993,99662.31663580248,,,722,1929,1,1,49.59659949938873,6.421890858632247,,,123,488,1,0,17.845498059616965,9611.099300566955,,,722,1929,0,4,35.476401970252915,165.8374737036704,,,722,1929,1,6,11.100454716759486,45423.16571930463,,,
3300k,,,,,,,,,,,,,,,,,,,,,,,,,,,,,,,,,16,40,1,4,29.194746626595112,704.4468113425926,,,1280,586,2,0,15.502111200720288,16485.865420524693,,,16,40,1,5,13.712022250795567,24895.488086902005,,,16,40,1,3,7.659420688564311,100318.44725308642,,,814,2295,1,1,49.29998732572365,6.875814281966801,,,686,503,2,0,17.651283963449398,10050.657507798474,,,814,2295,0,4,34.91974147177713,188.5162200583543,,,814,2295,1,6,11.140981608914784,45001.26368523467,,,
3400k,,,,,,,,,,,,,,,,,,,,,,,,,,,,,,,,,1296,466,1,4,28.418587215008518,842.2948567708333,,,854,604,0,0,15.268240656902547,17397.979092881946,,,1296,466,1,5,13.775982685652517,24531.528096547067,,,1296,466,1,3,7.637314750279868,100830.37799382716,,,906,215,2,1,48.99346294684654,7.378644311406999,,,1250,518,0,0,17.44470993568998,10540.27341752543,,,906,215,0,5,33.503037081853336,261.22766118124684,,,906,215,2,6,11.231515467052997,44072.86910328329,,,
3500k,,,,,,,,,,,,,,,,,,,,,,,,,,,,,,,,,656,893,1,4,27.81198298730116,968.5556336805555,,,427,622,1,0,15.011806750820442,18456.196067708333,,,656,893,1,5,13.60137672998841,25537.900897472995,,,656,893,1,3,7.618172098202414,101275.79487654321,,,998,581,2,1,48.713120479267936,7.870654026891491,,,1813,533,1,0,17.249593045440513,11024.618394679866,,,998,581,0,5,32.04867932072078,365.1362392832638,,,998,581,2,6,11.258692952531979,43797.92898255582,,,
3600k,,,,,,,,,,,,,,,,,,,,,,,,,,,,,,,,,16,240,2,4,27.383259717019968,1069.0472448881173,,,0,640,2,0,14.788937980458876,19428.0437263696,,,16,240,1,6,13.570757654113617,25718.58702835648,,,16,240,2,3,7.595178662787619,101813.41484567901,,,1090,947,2,1,48.45256480154034,8.357307657739616,,,138,549,2,0,17.067325902458364,11497.152185326375,,,1090,947,0,5,31.202179761027512,443.71580070542484,,,1090,947,2,6,11.236632019796494,44020.976116831334,,,
3700k,,,,,,,,,,,,,,,,,,,,,,,,,,,,,,,,,1296,666,2,4,26.828829249834754,1214.618650173611,,,1494,657,0,0,14.569774206775746,20433.626445794755,,,1296,666,1,6,13.23421105883069,27790.845794753088,,,1296,666,2,3,7.574718745945749,102294.19657407407,,,1182,1313,2,1,48.19652202892344,8.864835221846395,,,702,564,0,0,16.914676887543965,11908.448465039673,,,1182,1313,0,5,30.624852896849358,506.80113709019196,,,1182,1313,2,6,11.221060026375353,44179.1003385367,,,
3800k,,,,,,,,,,,,,,,,,,,,,,,,,,,,,,,,,656,13,0,5,26.223927422133,1396.1437229938272,,,1067,675,1,0,14.376507534139929,21363.485827064043,,,656,13,1,7,12.66373606384887,31691.972026909723,,,656,13,0,2,7.55298667410937,102807.35902777778,,,1274,1679,2,1,47.96699642006844,9.345945158954416,,,1265,579,1,0,16.768917811095115,12314.905659474314,,,1274,1679,0,5,29.872768675516884,602.6234157351976,,,1274,1679,2,6,11.253540724528847,43849.91924076587,,,
3900k,,,,,,,,,,,,,,,,,,,,,,,,,,,,,,,,,16,440,0,5,24.48215542607445,2085.0060894097223,,,640,693,2,0,14.170302493995973,22402.300625482254,,,16,440,1,7,11.334281801733697,43042.22269338349,,,16,440,0,2,7.536745343408109,103192.54797839506,,,1366,2045,2,1,47.75018566935601,9.824360795506442,,,1828,594,2,0,16.64925326461638,12658.945900074314,,,1366,2045,0,5,29.174202663014135,707.7870364484118,,,1366,2045,2,6,11.296518314388369,43418.12242416537,,,
4000k,,,,,,,,,,,,,,,,,,,,,,,,,,,,,,,,,1296,866,0,5,23.597904931194066,2555.8324344135804,,,214,711,0,0,13.960597030913224,23510.57047357253,,,1296,866,1,7,10.334953133256503,54178.57236882716,,,1296,866,0,2,7.524435191551852,103485.46397376544,,,1458,2411,2,1,47.563357990614435,10.256213935026967,,,154,610,0,0,16.537163904804018,12989.920101721766,,,1458,2411,0,5,28.566138898837494,814.1585357209925,,,1458,2411,2,6,11.359028050866325,42797.66403977386,,,
4100k,,,,,,,,,,,,,,,,,,,,,,,,,,,,,,,,,656,213,1,5,23.17177899575342,2819.323885513117,,,1707,728,1,0,13.781930396310331,24497.95489390432,,,656,213,2,0,9.865081059174823,60369.10876784336,,,656,213,1,2,7.511441321434333,103795.55087191358,,,1550,331,0,2,46.92458124751888,11.881321440341036,,,717,625,1,0,16.4264562192592,13325.307764422883,,,1550,331,0,6,27.813583418778084,968.198774128869,,,1550,331,0,5,11.377098120836761,42619.96200614233,,,
4200k,,,,,,,,,,,,,,,,,,,,,,,,,,,,,,,,,16,640,1,5,22.655146201204698,3175.471725983796,,,1280,746,2,0,13.597689339315671,25559.593138503085,,,16,640,2,0,9.862585951736873,60403.80197627315,,,16,640,1,2,7.502682525372043,104005.09565586419,,,1642,697,0,2,46.35757950732259,13.538324502735403,,,1280,640,2,0,16.336281377430602,13604.880534651236,,,1642,697,0,6,26.771681708828517,1230.7070811750066,,,1642,697,0,5,11.351765557683022,42869.29234357566,,,
4300k,,,,,,,,,,,,,,,,,,,,,,,,,,,,,,,,,1296,1066,1,5,21.891683434735278,3785.772627797068,,,854,764,0,0,13.40849221568602,26697.68771267361,,,1296,1066,2,0,9.858877310399327,60455.40560522762,,,1296,1066,1,2,7.492627920642679,104246.16286265432,,,1734,1063,0,2,45.85050860531502,15.215001859650123,,,1844,655,0,0,16.251035551398488,13874.563060954873,,,1734,1063,0,6,25.65159056167177,1592.8094150907136,,,1734,1063,0,5,11.316002070712091,43223.77195501474,,,
4400k,,,,,,,,,,,,,,,,,,,,,,,,,,,,,,,,,656,413,2,5,21.29919941054392,4339.132672646605,,,427,782,1,0,13.236899072415383,27773.65030623071,,,656,413,2,1,9.851822456470432,60553.6916015625,,,656,413,2,2,7.480998269012136,104525.69006944445,,,1826,1429,0,2,45.393156121243436,16.904691835149507,,,169,671,1,0,16.171320165393066,14131.58430608745,,,1826,1429,0,6,24.74090488425366,1964.411110916256,,,1826,1429,0,5,11.286065213219006,43522.75204250963,,,
4500k,,,,,,,,,,,,,,,,,,,,,,,,,,,,,,,,,16,840,2,5,20.693806050180484,4988.18170621142,,,0,800,2,0,13.067880603412963,28875.85218267747,,,16,840,2,1,9.84745035079791,60614.682578125,,,16,840,2,2,7.472651549079883,104726.77150462964,,,1918,1795,0,2,44.9801308452232,18.59130114859883,,,732,686,2,0,16.091896101407496,14392.401310852392,,,1918,1795,0,6,24.20739553253158,2221.177763553342,,,1918,1795,0,5,11.267890556941794,43705.270711716235,,,
4600k,,,,,,,,,,,,,,,,,,,,,,,,,,,,,,,,,1296,186,0,6,19.594325464518402,6425.254343171297,,,1494,817,0,0,12.920206949778683,29874.605244020062,,,1296,186,2,2,9.837525562249178,60753.361711998456,,,1296,186,0,1,7.462194385126021,104979.24179783951,,,2010,2161,0,2,44.60748047835029,20.256985744630946,,,1296,701,0,0,16.032772094743663,14589.676450837645,,,2010,2161,0,6,23.751766302259007,2466.8698670551107,,,2010,2161,0,5,11.244827916135623,43937.97917630287,,,
4700k,,,,,,,,,,,,,,,,,,,,,,,,,,,,,,,,,656,613,0,6,18.27300959777885,8710.075319251544,,,1067,835,1,0,12.76863615064168,30935.65068913966,,,656,613,2,2,9.826992392624387,60900.88882571374,,,656,613,0,1,7.455913974694921,105131.1639853395,,,2102,81,1,2,44.26824246316204,21.902748884392604,,,1859,716,1,0,15.970577593537636,14800.115715176133,,,2102,81,0,7,23.083366810013686,2877.3069140622433,,,2102,81,1,5,11.217515177230535,44215.17544063478,,,
4800k,,,,,,,,,,,,,,,,,,,,,,,,,,,,,,,,,16,1040,0,6,17.327083372654993,10829.652793209876,,,640,853,2,0,12.627353134773589,31958.58607494213,,,16,1040,2,2,9.813839667515584,61085.60837721836,,,16,1040,0,1,7.449441494206379,105287.96236689815,,,2194,447,1,2,43.92976297208392,23.678084881884814,,,184,732,2,0,15.904830785788729,15025.875695359351,,,2194,447,0,7,21.455002246818577,4186.225758236716,,,2194,447,1,5,11.186826415781773,44528.72178684245,,,
4900k,,,,,,,,,,,,,,,,,,,,,,,,,,,,,,,,,1296,386,1,6,16.929199576335925,11868.693445698302,,,214,871,0,0,12.483210160358686,33037.095159143515,,,1296,386,2,3,9.78559030112567,61484.24439670139,,,1296,386,1,1,7.444499598954901,105407.83914544753,,,48,814,1,2,43.60716855699653,25.503865807062578,,,748,747,0,0,15.848492331998848,15222.06727859751,,,48,814,0,7,20.364246689068665,5381.436268986517,,,48,814,1,5,11.160010217826212,44804.522014384704,,,
5000k,,,,,,,,,,,,,,,,,,,,,,,,,,,,,,,,,656,813,1,6,16.10872084793338,14336.752419945988,,,1707,888,1,0,12.346636991224901,34092.52527826003,,,656,813,2,3,9.760705714760121,61837.553460165895,,,656,813,1,1,7.440457876370736,105505.98166473766,,,140,1180,1,2,43.324981979063615,27.216023571156644,,,1311,762,1,0,15.799410776676657,15395.074420348154,,,140,1180,0,7,19.804831883581166,6121.243867721516,,,140,1180,1,5,11.138510152591017,45026.880015666364,,,
5100k,,,,,,,,,,,,,,,,,,,,,,,,,,,,,,,,,16,160,2,6,15.30739480160294,17241.831246624228,,,1280,906,2,0,12.172750263982358,35485.247928722994,,,16,160,2,4,9.733746347865392,62222.61163001543,,,16,160,2,1,7.433519638396414,105674.67150270061,,,232,1546,1,2,43.04290260778537,29.042407147194414,,,1874,777,2,0,15.750365971247327,15569.916130327496,,,232,1546,0,7,19.269206372263113,6924.720249068896,,,232,1546,1,5,11.113464906573258,45287.2948440561,,,
5200k,,,,,,,,,,,,,,,,,,,,,,,,,,,,,,,,,1296,586,2,6,14.88260972779206,19013.492491319445,,,854,924,0,0,12.004686694668985,36885.374805652005,,,1296,586,2,4,9.685068470065865,62923.956666184415,,,1296,586,2,1,7.4300170782816775,105759.93189621913,,,324,1912,1,2,42.77751649543389,30.87245887396541,,,200,793,0,0,15.696325090035986,15764.868819403495,,,324,1912,0,7,18.701117240599327,7892.437406149779,,,324,1912,1,5,11.08057167917787,45631.60057784335,,,
5300k,,,,,,,,,,,,,,,,,,,,,,,,,,,,,,,,,656,1013,2,6,14.184207315682034,22330.689800347223,,,427,942,1,0,11.852405312818304,38201.66915171682,,,656,1013,2,4,9.63126884936755,63708.295437885805,,,656,1013,2,1,7.423799517270116,105911.45114969136,,,416,2278,1,2,42.49684626452698,32.9335270073078,,,763,808,1,0,15.648709630964516,15938.663697802836,,,416,2278,0,7,18.183337035591606,8891.789374711827,,,416,2278,1,5,11.036367250530148,46098.431127547155,,,
5400k,,,,,,,,,,,,,,,,,,,,,,,,,,,,,,,,,16,360,0,7,12.791345727465245,30774.308107638888,,,0,960,2,0,11.690417263769124,39653.46509934414,,,16,360,2,5,9.576517758198863,64516.54389371142,,,16,360,0,0,7.419455834824574,106017.43358072916,,,508,198,2,2,42.21311551546233,35.1569603160163,,,1326,823,2,0,15.610601847952951,16079.135146693148,,,508,198,1,0,17.9352894173684,9414.427787484006,,,508,198,2,5,10.968143999467427,46828.308454941296,,,
5500k,,,,,,,,,,,,,,,,,,,,,,,,,,,,,,,,,1296,786,0,7,11.635678189045805,40156.425870466825,,,1494,977,0,0,11.52573838341877,41185.944693287034,,,1296,786,2,5,9.438858898733173,66594.2880705054,,,1296,786,0,0,7.417762269986097,106058.78395881559,,,600,564,2,2,41.98255352682017,37.07383541694525,,,1890,838,0,0,15.569600145604134,16231.656960316017,,,600,564,1,0,17.933508776914824,9418.288566001504,,,600,564,2,5,10.90648575049835,47497.88758067922,,,
5600k,,,,,,,,,,,,,,,,,,,,,,,,,,,,,,,,,656,133,1,7,10.522403968559574,51889.856952160495,,,1067,995,1,0,11.372086631654163,42669.171187789354,,,656,133,2,6,9.201139438784914,70341.06288724922,,,656,133,1,0,7.413580656919608,106160.95204861111,,,692,930,2,2,41.731791381888186,39.2774904880175,,,215,854,1,0,15.530615664142482,16378.016484391726,,,692,930,1,0,17.93391970622409,9417.397449977603,,,692,930,2,5,10.881274507684903,47774.41959114003,,,
5700k,,,,,,,,,,,,,,,,,,,,,,,,,,,,,,,,,16,560,1,7,9.615640978050235,63937.95954571759,,,640,1013,2,0,11.219475259811254,44195.22449845679,,,16,560,2,6,8.98822798828377,73875.43845823688,,,16,560,1,0,7.411775253032293,106205.09335069444,,,784,1296,2,2,41.46508589893369,41.765172589414824,,,778,869,2,0,15.49036973852273,16530.49644218607,,,784,1296,1,0,17.932110366037357,9421.321705587792,,,784,1296,2,5,10.850455443039447,48114.64945120227,,,
5800k,,,,,,,,,,,,,,,,,,,,,,,,,,,,,,,,,1296,986,1,7,8.756834293902143,77918.29502314815,,,214,1031,0,0,11.082036349563415,45616.213786651235,,,1296,986,2,6,8.66392661318757,79603.14180941357,,,1296,986,1,0,7.407408899670491,106311.9245857446,,,876,1662,2,2,41.2553636153008,43.83151770832648,,,1342,884,0,0,15.4450445955068,16703.92036130554,,,876,1662,1,0,17.931706137977496,9422.19865429287,,,876,1662,2,5,10.806288513809218,48606.46294254375,,,
5900k,,,,,,,,,,,,,,,,,,,,,,,,,,,,,,,,,656,333,2,7,8.542997727436054,81850.83186101467,,,1707,1048,1,0,10.964172239260128,46871.15401089892,,,656,333,2,7,8.544356503290095,81825.22722125772,,,656,333,2,0,7.407127700345939,106318.80835021219,,,968,2028,2,2,41.061236191378995,45.83521271255363,,,1905,899,1,0,15.392763813511598,16906.21894201618,,,968,2028,1,0,17.92949108463456,9427.005529992977,,,968,2028,2,5,10.769970968038667,49014.63506795943,,,
6000k,,,,,,,,,,,,,,,,,,,,,,,,,,,,,,,,,16,760,2,7,7.9849359490949725,93074.19215181327,,,1280,1066,2,0,10.850277185204455,48116.62437596451,,,16,760,2,7,7.9857070313060285,93057.66845968364,,,16,760,2,0,7.403827457864569,106399.63166570217,,,1060,2394,2,2,40.87008553083382,47.89766224807952,,,230,915,2,0,15.3422231488323,17104.112934652116,,,1060,2394,1,0,17.929593435947556,9426.783363913435,,,1060,2394,2,5,10.750060528826053,49239.86090255506,,,
6100k,,,,,,,,,,,,,,,,,,,,,,,,,,,,,,,,,,,,,,,,,,,,,,,,,,,,,,,,,,,,,,,,,1152,314,0,3,40.314935389690795,54.4288716709888,,,794,930,0,0,15.298306196607578,17277.951502407315,,,1152,314,1,1,17.92319094909716,9440.690832071037,,,1152,314,0,4,10.730374319536562,49463.56775447065,,,
6200k,,,,,,,,,,,,,,,,,,,,,,,,,,,,,,,,,,,,,,,,,,,,,,,,,,,,,,,,,,,,,,,,,1244,680,0,3,39.81205869166873,61.11066379644832,,,1357,945,1,0,15.24964437291898,17472.636140089744,,,1244,680,1,1,17.92002020106924,9447.585918941177,,,1244,680,0,4,10.728044045034466,49490.115321690246,,,
6300k,,,,,,,,,,,,,,,,,,,,,,,,,,,,,,,,,,,,,,,,,,,,,,,,,,,,,,,,,,,,,,,,,1336,1046,0,3,39.33869308425134,68.14807016543945,,,1920,960,2,0,15.202051496264646,17665.165911115302,,,1336,1046,1,1,17.915109288120785,9458.275097786907,,,1336,1046,0,4,10.713518070228528,49655.9234978667,,,
6400k,,,,,,,,,,,,,,,,,,,,,,,,,,,,,,,,,,,,,,,,,,,,,,,,,,,,,,,,,,,,,,,,,1428,1412,0,3,38.9006217288768,75.38079222556642,,,246,976,0,0,15.165150991139726,17815.900198533178,,,1428,1412,1,1,17.911544342030115,9466.04219706884,,,1428,1412,0,4,10.703945540345005,49765.49363298179,,,
6500k,,,,,,,,,,,,,,,,,,,,,,,,,,,,,,,,,,,,,,,,,,,,,,,,,,,,,,,,,,,,,,,,,1520,1778,0,3,38.52267997667566,82.23465459830462,,,809,991,1,0,15.130394249692804,17959.053546414892,,,1520,1778,1,1,17.907526536856192,9474.803605054156,,,1520,1778,0,4,10.699402557013748,49817.57859086017,,,
6600k,,,,,,,,,,,,,,,,,,,,,,,,,,,,,,,,,,,,,,,,,,,,,,,,,,,,,,,,,,,,,,,,,1612,2144,0,3,38.17707206449447,89.04625596531186,,,1372,1006,2,0,15.100826530636509,18081.73987824224,,,1612,2144,1,1,17.90288402220682,9484.93738185376,,,1612,2144,0,4,10.689069777197219,49936.24620744635,,,
6700k,,,,,,,,,,,,,,,,,,,,,,,,,,,,,,,,,,,,,,,,,,,,,,,,,,,,,,,,,,,,,,,,,1704,64,1,3,37.82998059419426,96.45501455203623,,,1936,1021,0,0,15.066142647110421,18226.723509667623,,,1704,64,1,2,17.898337161294684,9494.872869531478,,,1704,64,1,4,10.679390626588223,50047.663570659766,,,
6800k,,,,,,,,,,,,,,,,,,,,,,,,,,,,,,,,,,,,,,,,,,,,,,,,,,,,,,,,,,,,,,,,,1796,430,1,3,37.511233342322164,103.80052165195387,,,261,1037,1,0,15.036261521620514,18352.562770498716,,,1796,430,1,2,17.89474645673954,9502.72638427021,,,1796,430,1,4,10.668784477121216,50170.037147698604,,,
6900k,,,,,,,,,,,,,,,,,,,,,,,,,,,,,,,,,,,,,,,,,,,,,,,,,,,,,,,,,,,,,,,,,1888,796,1,3,37.22904607948731,110.76900697606276,,,824,1052,2,0,14.995972527323689,18523.609525902477,,,1888,796,1,2,17.8905121385738,9511.995944574388,,,1888,796,1,4,10.651612687828518,50368.79968608814,,,
7000k,,,,,,,,,,,,,,,,,,,,,,,,,,,,,,,,,,,,,,,,,,,,,,,,,,,,,,,,,,,,,,,,,1980,1162,1,3,36.99501990767533,116.9017142028312,,,1388,1067,0,0,14.961488244624698,18671.278024087034,,,1980,1162,1,2,17.88605174301437,9521.770201682526,,,1980,1162,1,4,10.637667618077549,50530.792377553546,,,
7100k,,,,,,,,,,,,,,,,,,,,,,,,,,,,,,,,,,,,,,,,,,,,,,,,,,,,,,,,,,,,,,,,,2072,1528,1,3,36.760509070373615,123.38772682068516,,,1951,1082,1,0,14.926528176716083,18822.185646971913,,,2072,1528,1,2,17.884845721479742,9524.414733215104,,,2072,1528,1,4,10.622905252345639,50702.84689708791,,,
7200k,,,,,,,,,,,,,,,,,,,,,,,,,,,,,,,,,,,,,,,,,,,,,,,,,,,,,,,,,,,,,,,,,2164,1894,1,3,36.54729794243239,129.5964413092229,,,276,1098,2,0,14.891963308504295,18972.586408880434,,,2164,1894,1,2,17.876109991793715,9543.592146759642,,,2164,1894,1,4,10.60369974102823,50927.563177320015,,,
7300k,,,,,,,,,,,,,,,,,,,,,,,,,,,,,,,,,,,,,,,,,,,,,,,,,,,,,,,,,,,,,,,,,18,2261,1,3,36.37132234367278,134.95551472119496,,,840,1113,0,0,14.867653145739775,19079.085565826867,,,18,2261,1,2,17.874357500336302,9547.444012109281,,,18,2261,1,4,10.588538828666659,51105.658366562246,,,
7400k,,,,,,,,,,,,,,,,,,,,,,,,,,,,,,,,,,,,,,,,,,,,,,,,,,,,,,,,,,,,,,,,,110,181,2,3,36.06431703254712,144.84088409739743,,,1403,1128,1,0,14.834476415396923,19225.393109758814,,,110,181,1,3,17.865050729571394,9567.925770914488,,,110,181,2,4,10.567830989467055,51349.920003624306,,,
7500k,,,,,,,,,,,,,,,,,,,,,,,,,,,,,,,,,,,,,,,,,,,,,,,,,,,,,,,,,,,,,,,,,202,547,2,3,35.77810446094462,154.7078761845679,,,1966,1143,2,0,14.810760557252653,19330.665890290144,,,202,547,1,3,17.853151183394417,9594.17756553166,,,202,547,2,4,10.567694193269903,51351.53747395942,,,
7600k,,,,,,,,,,,,,,,,,,,,,,,,,,,,,,,,,,,,,,,,,,,,,,,,,,,,,,,,,,,,,,,,,294,913,2,3,35.52106306657481,164.14080675202788,,,292,1159,0,0,14.782125648153002,19458.54242066528,,,294,913,1,3,17.836786379863586,9630.397923110591,,,294,913,2,4,10.558560045124707,51459.654471892245,,,
7700k,,,,,,,,,,,,,,,,,,,,,,,,,,,,,,,,,,,,,,,,,,,,,,,,,,,,,,,,,,,,,,,,,386,1279,2,3,35.2720144256891,173.82867817969117,,,855,1174,1,0,14.750919862658666,19598.863312610472,,,386,1279,1,3,17.814484472659718,9679.979176120192,,,386,1279,2,4,10.548114728638664,51583.57022718421,,,
7800k,,,,,,,,,,,,,,,,,,,,,,,,,,,,,,,,,,,,,,,,,,,,,,,,,,,,,,,,,,,,,,,,,478,1645,2,3,35.08740589837914,181.3770276214673,,,1418,1189,2,0,14.722565105826526,19727.241431908675,,,478,1645,1,3,17.7965993699665,9719.925434971798,,,478,1645,2,4,10.53549670203014,51733.65947431454,,,
7900k,,,,,,,,,,,,,,,,,,,,,,,,,,,,,,,,,,,,,,,,,,,,,,,,,,,,,,,,,,,,,,,,,570,2011,2,3,34.90375719563882,189.21133535300837,,,1982,1204,0,0,14.697568821767957,19841.11106294532,,,570,2011,1,3,17.777747789278106,9762.208777694721,,,570,2011,2,4,10.525840652307652,51848.811418324825,,,
8000k,,,,,,,,,,,,,,,,,,,,,,,,,,,,,,,,,,,,,,,,,,,,,,,,,,,,,,,,,,,,,,,,,662,2377,2,3,34.72764497840384,197.04180285224294,,,307,1220,1,0,14.665455086321753,19988.369158086334,,,662,2377,1,3,17.75921806704229,9803.94945624415,,,662,2377,2,4,10.513456953973533,51996.866797170995,,,
8100k,,,,,,,,,,,,,,,,,,,,,,,,,,,,,,,,,,,,,,,,,,,,,,,,,,,,,,,,,,,,,,,,,754,297,0,4,34.35335761853184,214.7766719131452,,,870,1235,2,0,14.63173194947488,20144.183799013106,,,754,297,1,4,17.74710598806099,9831.32994467815,,,754,297,0,3,10.508612846735833,52054.89629874822,,,
8200k,,,,,,,,,,,,,,,,,,,,,,,,,,,,,,,,,,,,,,,,,,,,,,,,,,,,,,,,,,,,,,,,,846,663,0,4,33.85198711630183,241.05944852057343,,,1434,1250,0,0,14.605768103556432,20264.974423417123,,,846,663,1,4,17.716980026510775,9899.764594051896,,,846,663,0,3,10.499589085877316,52163.168288471556,,,
8300k,,,,,,,,,,,,,,,,,,,,,,,,,,,,,,,,,,,,,,,,,,,,,,,,,,,,,,,,,,,,,,,,,938,1029,0,4,33.3196450054013,272.4948945479735,,,1997,1265,1,0,14.570168626742445,20431.77077766257,,,938,1029,1,4,17.693367550723003,9953.735938999092,,,938,1029,0,3,10.489600773086165,52283.27611164331,,,
8400k,,,,,,,,,,,,,,,,,,,,,,,,,,,,,,,,,,,,,,,,,,,,,,,,,,,,,,,,,,,,,,,,,1030,1395,0,4,32.85957673647497,302.9459819135325,,,322,1281,2,0,14.544695789751907,20551.96214534207,,,1030,1395,1,4,17.672745703753627,10001.112208877072,,,1030,1395,0,3,10.484638640500112,52343.04772468702,,,
8500k,,,,,,,,,,,,,,,,,,,,,,,,,,,,,,,,,,,,,,,,,,,,,,,,,,,,,,,,,,,,,,,,,1122,1761,0,4,32.44853432655385,333.0193261124836,,,886,1296,0,0,14.508499064660809,20723.97042516936,,,1122,1761,1,4,17.64551480375845,10064.017654071464,,,1122,1761,0,3,10.47688851905148,52436.53893172052,,,
8600k,,,,,,,,,,,,,,,,,,,,,,,,,,,,,,,,,,,,,,,,,,,,,,,,,,,,,,,,,,,,,,,,,1214,2127,0,4,32.09483792491033,361.27597171285834,,,1449,1311,1,0,14.477179036191522,20873.965757045662,,,1214,2127,1,4,17.615320333651233,10134.231876266407,,,1214,2127,0,3,10.471420742659719,52502.598216928,,,
8700k,,,,,,,,,,,,,,,,,,,,,,,,,,,,,,,,,,,,,,,,,,,,,,,,,,,,,,,,,,,,,,,,,1306,47,1,4,31.749774310415,391.1518956009227,,,2012,1326,2,0,14.443971710002529,21034.185484206857,,,1306,47,1,5,17.57408065380711,10230.922737017705,,,1306,47,1,3,10.46465538393796,52584.44952529599,,,
8800k,,,,,,,,,,,,,,,,,,,,,,,,,,,,,,,,,,,,,,,,,,,,,,,,,,,,,,,,,,,,,,,,,1398,413,1,4,31.40711170140341,423.2643589468169,,,338,1342,0,0,14.404670286360652,21225.39795946328,,,1398,413,1,5,17.45395324296553,10517.863881100766,,,1398,413,1,3,10.462183623590747,52614.386159818845,,,
8900k,,,,,,,,,,,,,,,,,,,,,,,,,,,,,,,,,,,,,,,,,,,,,,,,,,,,,,,,,,,,,,,,,1490,779,1,4,31.10696477274388,453.5512759245822,,,901,1357,1,0,14.367370793380807,21408.477902314662,,,1490,779,1,5,17.34292590551234,10790.219508679707,,,1490,779,1,3,10.45700990442538,52677.10265195607,,,
9000k,,,,,,,,,,,,,,,,,,,,,,,,,,,,,,,,,,,,,,,,,,,,,,,,,,,,,,,,,,,,,,,,,1582,1145,1,4,30.85802238428693,480.3088975672561,,,1464,1372,2,0,14.32509427939464,21617.896954375366,,,1582,1145,1,5,17.256348819760476,11007.482111006133,,,1582,1145,1,3,10.449066097872471,52773.54404594103,,,
9100k,,,,,,,,,,,,,,,,,,,,,,,,,,,,,,,,,,,,,,,,,,,,,,,,,,,,,,,,,,,,,,,,,1674,1511,1,4,30.57376790683294,512.7977129957027,,,2028,1387,0,0,14.285832916262818,21814.214471183463,,,1674,1511,1,5,17.16689733372462,11236.553836871053,,,1674,1511,1,3,10.446022922959465,52810.53632017256,,,
9200k,,,,,,,,,,,,,,,,,,,,,,,,,,,,,,,,,,,,,,,,,,,,,,,,,,,,,,,,,,,,,,,,,1766,1877,1,4,30.295525639176045,546.726728616033,,,353,1403,1,0,14.248284466395798,22003.634568338304,,,1766,1877,1,5,17.05167929546643,11538.648421635658,,,1766,1877,1,3,10.438705256382958,52899.594705879346,,,
9300k,,,,,,,,,,,,,,,,,,,,,,,,,,,,,,,,,,,,,,,,,,,,,,,,,,,,,,,,,,,,,,,,,1858,2243,1,4,30.05547537997611,577.79706613705,,,916,1418,2,0,14.20460863941625,22226.035637509252,,,1858,2243,1,5,16.930748273052462,11864.461817071808,,,1858,2243,1,3,10.430928872615745,52994.400437839824,,,
9400k,,,,,,,,,,,,,,,,,,,,,,,,,,,,,,,,,,,,,,,,,,,,,,,,,,,,,,,,,,,,,,,,,1950,163,2,4,29.88310957570804,601.1902279587619,,,1480,1433,0,0,14.175978441446048,22373.04139438685,,,1950,163,1,6,16.811298935227292,12195.313717860752,,,1950,163,2,3,10.4305643585826,52998.84857479191,,,
9500k,,,,,,,,,,,,,,,,,,,,,,,,,,,,,,,,,,,,,,,,,,,,,,,,,,,,,,,,,,,,,,,,,2042,529,2,4,29.70221908352334,626.7595527194369,,,2043,1448,1,0,14.133754299248276,22591.623430897373,,,2042,529,1,6,16.681208758288033,12566.142910093042,,,2042,529,2,3,10.421544251702379,53109.03926163487,,,
9600k,,,,,,,,,,,,,,,,,,,,,,,,,,,,,,,,,,,,,,,,,,,,,,,,,,,,,,,,,,,,,,,,,2134,895,2,4,29.467516225989133,661.5630605895201,,,368,1464,2,0,14.095017476625475,22794.030373493737,,,2134,895,1,6,16.502010758094194,13095.491243386185,,,2134,895,2,3,10.414580117062515,53194.27064668328,,,
9700k,,,,,,,,,,,,,,,,,,,,,,,,,,,,,,,,,,,,,,,,,,,,,,,,,,,,,,,,,,,,,,,,,2226,1261,2,4,29.216309944703895,700.9578049406044,,,932,1479,0,0,14.063781432907977,22958.564341519446,,,2226,1261,1,6,16.328342886070697,13629.77170876637,,,2226,1261,2,3,10.405432102546746,53306.43758699984,,,
9800k,,,,,,,,,,,,,,,,,,,,,,,,,,,,,,,,,,,,,,,,,,,,,,,,,,,,,,,,,,,,,,,,,80,1628,2,4,29.003948388302167,736.0851080387304,,,1495,1494,1,0,14.024851007636563,23165.291501800828,,,80,1628,1,6,16.21049476100672,14004.686589584351,,,80,1628,2,3,10.39823755936969,53394.818472573264,,,
9900k,,,,,,,,,,,,,,,,,,,,,,,,,,,,,,,,,,,,,,,,,,,,,,,,,,,,,,,,,,,,,,,,,172,1994,2,4,28.80407068273319,770.7540261973187,,,2058,1509,2,0,13.986929325137016,23368.451649462164,,,172,1994,1,6,16.1428993906961,14224.366421039402,,,172,1994,2,3,10.389847872429993,53498.06610709101,,,
10000k,,,,,,,,,,,,,,,,,,,,,,,,,,,,,,,,,,,,,,,,,,,,,,,,,,,,,,,,,,,,,,,,,264,2360,2,4,28.574495947812384,812.5933717904594,,,384,1525,0,0,13.956658977522876,23531.898829187667,,,264,2360,1,6,16.1267447882537,14277.375819396919,,,264,2360,2,3,10.38558987845121,53550.54343726183,,,
10100k,,,,,,,,,,,,,,,,,,,,,,,,,,,,,,,,,,,,,,,,,,,,,,,,,,,,,,,,,,,,,,,,,356,280,0,5,27.960375160719934,936.0204866583805,,,947,1540,1,0,13.922288759769081,23718.86997483444,,,356,280,1,7,15.534089660439669,16364.920665645137,,,356,280,0,2,10.381404043056468,53602.18162899505,,,
10200k,,,,,,,,,,,,,,,,,,,,,,,,,,,,,,,,,,,,,,,,,,,,,,,,,,,,,,,,,,,,,,,,,448,646,0,5,27.394937161037014,1066.1766187176524,,,1510,1555,2,0,13.884625004854632,23925.46404262362,,,448,646,1,7,14.793844439925564,19406.107209194928,,,448,646,0,2,10.377514749602689,53650.206183683746,,,
10300k,,,,,,,,,,,,,,,,,,,,,,,,,,,,,,,,,,,,,,,,,,,,,,,,,,,,,,,,,,,,,,,,,540,1012,0,5,26.959564129367507,1178.600055935645,,,2074,1570,0,0,13.847770762551308,24129.359504894644,,,540,1012,1,7,14.379989446943274,21346.36472908661,,,540,1012,0,2,10.375343100152028,53677.04018232609,,,
10400k,,,,,,,,,,,,,,,,,,,,,,,,,,,,,,,,,,,,,,,,,,,,,,,,,,,,,,,,,,,,,,,,,632,1378,0,5,26.53539371849625,1299.5215878343076,,,399,1586,1,0,13.817393911616282,24298.72461961204,,,632,1378,1,7,14.055620990549286,23001.744298290803,,,632,1378,0,2,10.37208479455957,53717.32663128582,,,
10500k,,,,,,,,,,,,,,,,,,,,,,,,,,,,,,,,,,,,,,,,,,,,,,,,,,,,,,,,,,,,,,,,,724,1744,0,5,26.06481317884961,1448.243381435796,,,962,1601,2,0,13.781655350698735,24499.506437531465,,,724,1744,1,7,13.66462771751798,25168.660265670565,,,724,1744,0,2,10.369490281854876,53749.42741336186,,,
10600k,,,,,,,,,,,,,,,,,,,,,,,,,,,,,,,,,,,,,,,,,,,,,,,,,,,,,,,,,,,,,,,,,816,2110,0,5,25.66922022903455,1586.3567008053126,,,1526,1616,0,0,13.74502226808681,24707.035742183074,,,816,2110,1,7,13.293338422586732,27415.049100791573,,,816,2110,0,2,10.36503504848801,53804.594845444444,,,
10700k,,,,,,,,,,,,,,,,,,,,,,,,,,,,,,,,,,,,,,,,,,,,,,,,,,,,,,,,,,,,,,,,,908,30,1,5,25.31372438088891,1721.672062392175,,,2089,1631,1,0,13.709143571193042,24911.995294244876,,,908,30,2,0,12.953551610084851,29646.109563168553,,,908,30,1,2,10.363409306379124,53824.739879155626,,,
10800k,,,,,,,,,,,,,,,,,,,,,,,,,,,,,,,,,,,,,,,,,,,,,,,,,,,,,,,,,,,,,,,,,1000,396,1,5,24.88261696492335,1901.3460807051617,,,414,1647,2,0,13.669118597988081,25142.647725819617,,,1000,396,2,0,12.953448927309632,29646.81051169972,,,1000,396,1,2,10.358555572985473,53884.92875822868,,,
10900k,,,,,,,,,,,,,,,,,,,,,,,,,,,,,,,,,,,,,,,,,,,,,,,,,,,,,,,,,,,,,,,,,1092,762,1,5,24.556008746689457,2049.8495912057915,,,978,1662,0,0,13.636693505478219,25331.06910847131,,,1092,762,2,0,12.953574523971165,29645.953147229488,,,1092,762,1,2,10.356000811118836,53916.63619763295,,,
11000k,,,,,,,,,,,,,,,,,,,,,,,,,,,,,,,,,,,,,,,,,,,,,,,,,,,,,,,,,,,,,,,,,1184,1128,1,5,24.19164617111711,2229.2473199482365,,,1541,1677,1,0,13.591129879941793,25598.22678360176,,,1184,1128,2,0,12.95339708168562,29647.16443435581,,,1184,1128,1,2,10.352829077528265,53956.026904643426,,,
11100k,,,,,,,,,,,,,,,,,,,,,,,,,,,,,,,,,,,,,,,,,,,,,,,,,,,,,,,,,,,,,,,,,1276,1494,1,5,23.82647049107565,2424.799429609868,,,2104,1692,2,0,13.552755544909274,25825.41539834144,,,1276,1494,2,0,12.950066039978012,29669.912552967147,,,1276,1494,1,2,10.349406649953437,53998.563335883504,,,
11200k,,,,,,,,,,,,,,,,,,,,,,,,,,,,,,,,,,,,,,,,,,,,,,,,,,,,,,,,,,,,,,,,,1368,1860,1,5,23.518890373080794,2602.758257540717,,,430,1708,0,0,13.518477003555772,26030.06004678719,,,1368,1860,2,0,12.951040492185653,29663.256086061247,,,1368,1860,1,2,10.347059688342233,54027.752471434826,,,
11300k,,,,,,,,,,,,,,,,,,,,,,,,,,,,,,,,,,,,,,,,,,,,,,,,,,,,,,,,,,,,,,,,,1460,2226,1,5,23.252771248599508,2767.233110431066,,,993,1723,1,0,13.48405135106,26237.21506524851,,,1460,2226,2,0,12.95024092900935,29668.71777891281,,,1460,2226,1,2,10.34155980588153,54096.216274751794,,,
11400k,,,,,,,,,,,,,,,,,,,,,,,,,,,,,,,,,,,,,,,,,,,,,,,,,,,,,,,,,,,,,,,,,1552,146,2,5,23.08240696333923,2877.942906183757,,,1556,1738,2,0,13.438568664599742,26513.43540273299,,,1552,146,2,1,12.94927521735542,29675.31574721765,,,1552,146,2,2,10.339891054719793,54117.006423648025,,,
11500k,,,,,,,,,,,,,,,,,,,,,,,,,,,,,,,,,,,,,,,,,,,,,,,,,,,,,,,,,,,,,,,,,1644,512,2,5,22.949452613008468,2967.4103628546395,,,2120,1753,0,0,13.401636873697784,26739.863313158505,,,1644,512,2,1,12.94596012153393,29697.97642464179,,,1644,512,2,2,10.334811128772504,54180.343914706,,,
11600k,,,,,,,,,,,,,,,,,,,,,,,,,,,,,,,,,,,,,,,,,,,,,,,,,,,,,,,,,,,,,,,,,1736,878,2,5,22.841235318319768,3042.2810934231225,,,445,1769,1,0,13.367122755794634,26953.216187797625,,,1736,878,2,1,12.946747361588557,29692.593598309726,,,1736,878,2,2,10.333081802771924,54201.92239157582,,,
11700k,,,,,,,,,,,,,,,,,,,,,,,,,,,,,,,,,,,,,,,,,,,,,,,,,,,,,,,,,,,,,,,,,1828,1244,2,5,22.79158542299287,3077.2609660900657,,,1008,1784,2,0,13.333301688796233,27163.936178744163,,,1828,1244,2,1,12.942729147267737,29720.078731521324,,,1828,1244,2,2,10.330929427794413,54228.79166584462,,,
11800k,,,,,,,,,,,,,,,,,,,,,,,,,,,,,,,,,,,,,,,,,,,,,,,,,,,,,,,,,,,,,,,,,1920,1610,2,5,22.715739539401945,3131.4747655708247,,,1572,1799,0,0,13.300357847612108,27370.774430833804,,,1920,1610,2,1,12.93903442702854,29745.373572471915,,,1920,1610,2,2,10.327647986332353,54269.781329989615,,,
11900k,,,,,,,,,,,,,,,,,,,,,,,,,,,,,,,,,,,,,,,,,,,,,,,,,,,,,,,,,,,,,,,,,2012,1976,2,5,22.642496245293597,3184.7345966897497,,,2135,1814,1,0,13.260609477963035,27622.4325975476,,,2012,1976,2,1,12.937554522733928,29755.511349711407,,,2012,1976,2,2,10.324016868886549,54315.17503436151,,,
12000k,,,,,,,,,,,,,,,,,,,,,,,,,,,,,,,,,,,,,,,,,,,,,,,,,,,,,,,,,,,,,,,,,2104,2342,2,5,22.580087062999382,3230.8304249355333,,,460,1830,2,0,13.229474133469704,27821.174289953433,,,2104,2342,2,1,12.937430389919513,29756.36185283993,,,2104,2342,2,2,10.32488239414799,54304.3513942261,,,
12100k,,,,,,,,,,,,,,,,,,,,,,,,,,,,,,,,,,,,,,,,,,,,,,,,,,,,,,,,,,,,,,,,,2196,262,0,6,22.33901281814157,3415.242831943893,,,1024,1845,0,0,13.192828392198148,28056.922406738,,,2196,262,2,2,12.932240820280992,29791.940249149273,,,2196,262,0,1,10.318603430861446,54382.920579421676,,,
12200k,,,,,,,,,,,,,,,,,,,,,,,,,,,,,,,,,,,,,,,,,,,,,,,,,,,,,,,,,,,,,,,,,50,629,0,6,21.913680591939638,3766.646045192786,,,1587,1860,1,0,13.163221018838893,28248.849731501596,,,50,629,2,2,12.928804571136826,29815.52172301516,,,50,629,0,1,10.314949256272588,54428.697885406094,,,
12300k,,,,,,,,,,,,,,,,,,,,,,,,,,,,,,,,,,,,,,,,,,,,,,,,,,,,,,,,,,,,,,,,,142,995,0,6,21.374843007524976,4264.209855305337,,,2150,1875,2,0,13.135681640669555,28428.549816884748,,,142,995,2,2,12.926801116956854,29829.27916508651,,,142,995,0,1,10.31713360771186,54401.32901119955,,,
12400k,,,,,,,,,,,,,,,,,,,,,,,,,,,,,,,,,,,,,,,,,,,,,,,,,,,,,,,,,,,,,,,,,234,1361,0,6,20.835689105892264,4827.852128769628,,,476,1891,0,0,13.104258249249064,28634.99063288022,,,234,1361,2,2,12.924785323031502,29843.127749194944,,,234,1361,0,1,10.31556901405908,54420.931219250924,,,
12500k,,,,,,,,,,,,,,,,,,,,,,,,,,,,,,,,,,,,,,,,,,,,,,,,,,,,,,,,,,,,,,,,,326,1727,0,6,20.47531093001657,5245.559013749719,,,1039,1906,1,0,13.07758505320961,28811.40019962924,,,326,1727,2,2,12.920809234161828,29870.462488043802,,,326,1727,0,1,10.313051896390554,54452.48206734637,,,
12600k,,,,,,,,,,,,,,,,,,,,,,,,,,,,,,,,,,,,,,,,,,,,,,,,,,,,,,,,,,,,,,,,,418,2093,0,6,20.157772109046107,5643.462705794582,,,1602,1921,2,0,13.046765696182321,29016.585151515817,,,418,2093,2,2,12.91980694267348,29877.35697244576,,,418,2093,0,1,10.309606794940102,54495.69439408653,,,
12700k,,,,,,,,,,,,,,,,,,,,,,,,,,,,,,,,,,,,,,,,,,,,,,,,,,,,,,,,,,,,,,,,,510,13,1,6,19.89338303491558,5997.697623264844,,,2166,1936,0,0,13.0198336267595,29197.085902865616,,,510,13,2,3,12.91760038050656,29892.540908466486,,,510,13,1,1,10.308301643124718,54512.074027227616,,,
12800k,,,,,,,,,,,,,,,,,,,,,,,,,,,,,,,,,,,,,,,,,,,,,,,,,,,,,,,,,,,,,,,,,602,379,1,6,19.597405056234418,6420.699796205729,,,491,1952,1,0,12.993847847234917,29372.308810430408,,,602,379,2,3,12.907915601915782,29959.27573660778,,,602,379,1,1,10.305331447412334,54549.368285987155,,,
12900k,,,,,,,,,,,,,,,,,,,,,,,,,,,,,,,,,,,,,,,,,,,,,,,,,,,,,,,,,,,,,,,,,694,745,1,6,19.21877502315512,7005.600504772615,,,1054,1967,2,0,12.961754480201071,29590.167413084193,,,694,745,2,3,12.895103933667658,30047.78595737638,,,694,745,1,1,10.307597808306877,54520.909185502474,,,
13000k,,,,,,,,,,,,,,,,,,,,,,,,,,,,,,,,,,,,,,,,,,,,,,,,,,,,,,,,,,,,,,,,,786,1111,1,6,18.73870560504716,7824.42279784909,,,1618,1982,0,0,12.93586653375902,29767.07878595902,,,786,1111,2,3,12.884432966363486,30121.706579361755,,,786,1111,1,1,10.304393859063305,54561.146094698204,,,
13100k,,,,,,,,,,,,,,,,,,,,,,,,,,,,,,,,,,,,,,,,,,,,,,,,,,,,,,,,,,,,,,,,,878,1477,1,6,18.308142245146787,8639.898605408549,,,2181,1997,1,0,12.91105318914552,29937.639289986313,,,878,1477,2,3,12.871790989323399,30209.51628308186,,,878,1477,1,1,10.302208208869509,54588.61169628589,,,
13200k,,,,,,,,,,,,,,,,,,,,,,,,,,,,,,,,,,,,,,,,,,,,,,,,,,,,,,,,,,,,,,,,,970,1843,1,6,18.012675563248507,9248.159557615176,,,506,2013,2,0,12.883423957490097,30128.705655199676,,,970,1843,2,3,12.857675681729718,30307.862070773386,,,970,1843,1,1,10.300705174571785,54607.50734397389,,,
13300k,,,,,,,,,,,,,,,,,,,,,,,,,,,,,,,,,,,,,,,,,,,,,,,,,,,,,,,,,,,,,,,,,1062,2209,1,6,17.69499106742192,9950.015643895635,,,1070,2028,0,0,12.852569674127551,30343.51603080516,,,1062,2209,2,3,12.847710429277324,30377.485859717348,,,1062,2209,1,1,10.299961071400114,54616.86438218331,,,
13400k,,,,,,,,,,,,,,,,,,,,,,,,,,,,,,,,,,,,,,,,,,,,,,,,,,,,,,,,,,,,,,,,,1154,129,2,6,17.444817585181454,10540.012156777639,,,1633,2043,1,0,12.826700898539514,30524.796720877843,,,1154,129,2,4,12.834567881863059,30469.552938101053,,,1154,129,2,1,10.295722132080098,54670.19929822869,,,
13500k,,,,,,,,,,,,,,,,,,,,,,,,,,,,,,,,,,,,,,,,,,,,,,,,,,,,,,,,,,,,,,,,,1246,495,2,6,17.16829126026688,11232.94789253049,,,2196,2058,2,0,12.807113978715687,30662.776145255848,,,1246,495,2,4,12.830777343087334,30496.158488955723,,,1246,495,2,1,10.298189086695952,54639.15340469421,,,
13600k,,,,,,,,,,,,,,,,,,,,,,,,,,,,,,,,,,,,,,,,,,,,,,,,,,,,,,,,,,,,,,,,,1338,861,2,6,16.913840510661224,11910.742049356357,,,522,2074,0,0,12.772364269441105,30909.105960233446,,,1338,861,2,4,12.820697301391268,30567.022748380205,,,1338,861,2,1,10.295785960231791,54669.39581757745,,,
13700k,,,,,,,,,,,,,,,,,,,,,,,,,,,,,,,,,,,,,,,,,,,,,,,,,,,,,,,,,,,,,,,,,1430,1227,2,6,16.8214978544052,12166.707992184354,,,1085,2089,1,0,12.74675037949255,31091.940816726183,,,1430,1227,2,4,12.809788524769765,30643.898686882414,,,1430,1227,2,1,10.29419028996637,54689.4859547093,,,
13800k,,,,,,,,,,,,,,,,,,,,,,,,,,,,,,,,,,,,,,,,,,,,,,,,,,,,,,,,,,,,,,,,,1522,1593,2,6,16.631121285792588,12711.908018745566,,,1648,2104,2,0,12.72092864286645,31277.354036098404,,,1522,1593,2,4,12.798307912948498,30725.01326178978,,,1522,1593,2,1,10.289638852641783,54746.83097205264,,,
13900k,,,,,,,,,,,,,,,,,,,,,,,,,,,,,,,,,,,,,,,,,,,,,,,,,,,,,,,,,,,,,,,,,1614,1959,2,6,16.38221706482503,13461.738930149495,,,2212,2119,0,0,12.69275603600612,31480.909198655205,,,1614,1959,2,4,12.792082227576891,30769.089676238204,,,1614,1959,2,1,10.29044146798273,54736.71419917766,,,
14000k,,,,,,,,,,,,,,,,,,,,,,,,,,,,,,,,,,,,,,,,,,,,,,,,,,,,,,,,,,,,,,,,,1706,2325,2,6,16.086918547378467,14408.906246414967,,,537,2135,1,0,12.665947156977758,31675.841021470373,,,1706,2325,2,4,12.778500568171111,30865.46424137601,,,1706,2325,2,1,10.288076653471133,54766.52747788332,,,
14100k,,,,,,,,,,,,,,,,,,,,,,,,,,,,,,,,,,,,,,,,,,,,,,,,,,,,,,,,,,,,,,,,,1798,245,0,7,15.781388001033843,15459.095148322625,,,1100,2150,2,0,12.638442374132024,31877.08737907707,,,1798,245,2,5,12.705399105117657,31389.396056518748,,,1798,245,0,0,10.287145159239248,54778.275307499905,,,
14200k,,,,,,,,,,,,,,,,,,,,,,,,,,,,,,,,,,,,,,,,,,,,,,,,,,,,,,,,,,,,,,,,,1890,611,0,7,15.341172975718639,17108.24940246409,,,1664,2165,0,0,12.609476239430679,32090.40856001701,,,1890,611,2,5,12.625481017948307,31972.36545888054,,,1890,611,0,0,10.289993495582902,54742.36055272893,,,
14300k,,,,,,,,,,,,,,,,,,,,,,,,,,,,,,,,,,,,,,,,,,,,,,,,,,,,,,,,,,,,,,,,,1982,977,0,7,15.08076404909599,18165.4627403205,,,2227,2180,1,0,12.580944060862008,32301.929446737646,,,1982,977,2,5,12.582757876581168,32288.441475641506,,,1982,977,0,0,10.285341435560223,54801.030695187634,,,
14400k,,,,,,,,,,,,,,,,,,,,,,,,,,,,,,,,,,,,,,,,,,,,,,,,,,,,,,,,,,,,,,,,,2074,1343,0,7,14.88000643343608,19024.89317862798,,,552,2196,2,0,12.550303083602623,32530.636582533025,,,2074,1343,2,5,12.521641144424438,32746.037577902534,,,2074,1343,0,0,10.283926829138856,54818.88367742341,,,
14500k,,,,,,,,,,,,,,,,,,,,,,,,,,,,,,,,,,,,,,,,,,,,,,,,,,,,,,,,,,,,,,,,,2166,1709,0,7,14.7008999177447,19825.89850384023,,,1116,2211,0,0,12.523802898768068,32729.741889879486,,,2166,1709,2,5,12.4574540544901,33233.60585172341,,,2166,1709,0,0,10.28317102533621,54828.424652018904,,,
14600k,,,,,,,,,,,,,,,,,,,,,,,,,,,,,,,,,,,,,,,,,,,,,,,,,,,,,,,,,,,,,,,,,20,2076,0,7,14.56286742301825,20466.1488304664,,,1679,2226,1,0,12.499364699204019,32914.43468718785,,,20,2076,2,5,12.40518522522641,33636.000307993134,,,20,2076,0,0,10.281688740289264,54847.14126673229,,,
14700k,,,,,,,,,,,,,,,,,,,,,,,,,,,,,,,,,,,,,,,,,,,,,,,,,,,,,,,,,,,,,,,,,112,2442,0,7,14.459955707592718,20956.91247258934,,,4,2242,2,0,12.470211696679996,33136.12353429246,,,112,2442,2,5,12.373707147087085,33880.68291558796,,,112,2442,0,0,10.28155156454978,54848.87368938509,,,
14800k,,,,,,,,,,,,,,,,,,,,,,,,,,,,,,,,,,,,,,,,,,,,,,,,,,,,,,,,,,,,,,,,,204,362,1,7,14.007026065097046,23260.56522750207,,,568,2257,0,0,12.44467882980743,33331.509892863694,,,204,362,2,6,12.427723443029773,33461.89452988849,,,204,362,1,0,10.279929316764015,54869.365564833104,,,
14900k,,,,,,,,,,,,,,,,,,,,,,,,,,,,,,,,,,,,,,,,,,,,,,,,,,,,,,,,,,,,,,,,,296,728,1,7,13.517212942732337,26037.637478562872,,,1131,2272,1,0,12.417962148487383,33537.188775860646,,,296,728,2,6,12.359945483779946,33988.21226974499,,,296,728,1,0,10.277182148155008,54904.08465280807,,,
15000k,,,,,,,,,,,,,,,,,,,,,,,,,,,,,,,,,,,,,,,,,,,,,,,,,,,,,,,,,,,,,,,,,388,1094,1,7,13.221938082394534,27869.492611087608,,,1694,2287,2,0,12.388000282818139,33769.3609409172,,,388,1094,2,6,12.282810639238555,34597.26805066286,,,388,1094,1,0,10.278738898650737,54884.40753337323,,,
15100k,,,,,,,,,,,,,,,,,,,,,,,,,,,,,,,,,,,,,,,,,,,,,,,,,,,,,,,,,,,,,,,,,480,1460,1,7,12.94380411209871,29712.723333932514,,,20,2303,0,0,12.362893237051882,33965.15075862034,,,480,1460,2,6,12.215046145365244,35141.33497486732,,,480,1460,1,0,10.27971337078583,54872.09392402251,,,
15200k,,,,,,,,,,,,,,,,,,,,,,,,,,,,,,,,,,,,,,,,,,,,,,,,,,,,,,,,,,,,,,,,,572,1826,1,7,12.668740225987685,31655.475953518246,,,583,2318,1,0,12.33701915250406,34168.109880295524,,,572,1826,2,6,12.206881700834199,35207.46046033099,,,572,1826,1,0,10.275501363260176,54925.33747078084,,,
15300k,,,,,,,,,,,,,,,,,,,,,,,,,,,,,,,,,,,,,,,,,,,,,,,,,,,,,,,,,,,,,,,,,664,2192,1,7,12.440844076059092,33360.954102994656,,,1146,2333,2,0,12.31072722865364,34375.58893895452,,,664,2192,2,6,12.197546349498584,35283.22184566438,,,664,2192,1,0,10.276373072182427,54914.31405142864,,,
15400k,,,,,,,,,,,,,,,,,,,,,,,,,,,,,,,,,,,,,,,,,,,,,,,,,,,,,,,,,,,,,,,,,756,112,2,7,12.151825762668851,35656.62996323811,,,1710,2348,0,0,12.2863054085986,34569.438814405454,,,756,112,2,7,12.06327889394667,36391.08304305985,,,756,112,2,0,10.278983654605021,54881.31449222783,,,
15500k,,,,,,,,,,,,,,,,,,,,,,,,,,,,,,,,,,,,,,,,,,,,,,,,,,,,,,,,,,,,,,,,,848,478,2,7,11.709305557828609,39481.379116896365,,,35,2364,1,0,12.256055334860266,34811.06713610958,,,848,478,2,7,11.597907527793737,40507.19004491658,,,848,478,2,0,10.275400130921003,54926.617773761325,,,
15600k,,,,,,,,,,,,,,,,,,,,,,,,,,,,,,,,,,,,,,,,,,,,,,,,,,,,,,,,,,,,,,,,,940,844,2,7,11.335272811295562,43032.40207864311,,,598,2379,2,0,12.227383877964687,35041.64475421563,,,940,844,2,7,11.203214428306465,44361.01020250092,,,940,844,2,0,10.27438797558716,54939.420319107194,,,
15700k,,,,,,,,,,,,,,,,,,,,,,,,,,,,,,,,,,,,,,,,,,,,,,,,,,,,,,,,,,,,,,,,,1032,1210,2,7,11.126881121864837,45147.60930468084,,,1162,2394,0,0,12.200526122969581,35259.02168812389,,,1032,1210,2,7,10.973595654896894,46769.56222466035,,,1032,1210,2,0,10.274295825660039,54940.58605284329,,,
15800k,,,,,,,,,,,,,,,,,,,,,,,,,,,,,,,,,,,,,,,,,,,,,,,,,,,,,,,,,,,,,,,,,1124,1576,2,7,10.883934639884291,47745.16585576422,,,1725,2409,1,0,12.174470620423625,35471.19405796117,,,1124,1576,2,7,10.712630086019026,49666.077480002365,,,1124,1576,2,0,10.272445936126582,54963.99313445672,,,
15900k,,,,,,,,,,,,,,,,,,,,,,,,,,,,,,,,,,,,,,,,,,,,,,,,,,,,,,,,,,,,,,,,,1216,1942,2,7,10.601637313798642,50951.753983633615,,,50,2425,2,0,12.145531588426508,35708.344125149706,,,1216,1942,2,7,10.416155467958632,53174.97856524887,,,1216,1942,2,0,10.272601061762696,54962.02991077333,,,
16000k,,,,,,,,,,,,,,,,,,,,,,,,,,,,,,,,,,,,,,,,,,,,,,,,,,,,,,,,,,,,,,,,,1308,2308,2,7,10.364932883221718,53805.86058232258,,,614,2440,0,0,12.115895624837911,35952.8487585648,,,1308,2308,2,7,10.166548514451,56320.69674824283,,,1308,2308,2,0,10.270164831605795,54992.87021012219,,,
16100k,,,,,,,,,,,,,,,,,,,,,,,,,,,,,,,,,,,,,,,,,,,,,,,,,,,,,,,,,,,,,,,,,,,,,,,,,,,,,,,,,,,,,,,,,,,,,,,,,
16200k,,,,,,,,,,,,,,,,,,,,,,,,,,,,,,,,,,,,,,,,,,,,,,,,,,,,,,,,,,,,,,,,,,,,,,,,,,,,,,,,,,,,,,,,,,,,,,,,,
16300k,,,,,,,,,,,,,,,,,,,,,,,,,,,,,,,,,,,,,,,,,,,,,,,,,,,,,,,,,,,,,,,,,,,,,,,,,,,,,,,,,,,,,,,,,,,,,,,,,
16400k,,,,,,,,,,,,,,,,,,,,,,,,,,,,,,,,,,,,,,,,,,,,,,,,,,,,,,,,,,,,,,,,,,,,,,,,,,,,,,,,,,,,,,,,,,,,,,,,,
16500k,,,,,,,,,,,,,,,,,,,,,,,,,,,,,,,,,,,,,,,,,,,,,,,,,,,,,,,,,,,,,,,,,,,,,,,,,,,,,,,,,,,,,,,,,,,,,,,,,
16600k,,,,,,,,,,,,,,,,,,,,,,,,,,,,,,,,,,,,,,,,,,,,,,,,,,,,,,,,,,,,,,,,,,,,,,,,,,,,,,,,,,,,,,,,,,,,,,,,,
16700k,,,,,,,,,,,,,,,,,,,,,,,,,,,,,,,,,,,,,,,,,,,,,,,,,,,,,,,,,,,,,,,,,,,,,,,,,,,,,,,,,,,,,,,,,,,,,,,,,
16800k,,,,,,,,,,,,,,,,,,,,,,,,,,,,,,,,,,,,,,,,,,,,,,,,,,,,,,,,,,,,,,,,,,,,,,,,,,,,,,,,,,,,,,,,,,,,,,,,,
16900k,,,,,,,,,,,,,,,,,,,,,,,,,,,,,,,,,,,,,,,,,,,,,,,,,,,,,,,,,,,,,,,,,,,,,,,,,,,,,,,,,,,,,,,,,,,,,,,,,
